{
  "project_info": {
    "project_number": "1030655955048",
    "firebase_url": "https://caterme-b7ffb-default-rtdb.asia-southeast1.firebasedatabase.app",
    "project_id": "caterme-b7ffb",
    "storage_bucket": "caterme-b7ffb.firebasestorage.app"
  },
  "client": [
    {
      "client_info": {
        "mobilesdk_app_id": "1:1030655955048:android:f0db9eaf7d1f1c74482bdd",
        "android_client_info": {
          "package_name": "com.azhar.catering"
        }
      },
      "oauth_client": [],
      "api_key": [
        {
          "current_key": "AIzaSyC9sYLCehE1kzeLqSWM1MctRryCDFg0GEA"
        }
      ],
      "services": {
        "appinvite_service": {
          "other_platform_oauth_client": []
        }
      }
    }
  ],
  "configuration_version": "1"
}